{"cameraMode":{"drawMode":0,"name":"Shaded","section":"Shading Mode"},"sceneLighting":false,"audioPlay":false,"sceneViewState":{"m_AlwaysRefresh":false,"showFog":false,"showSkybox":false,"showFlares":false,"showImageEffects":false,"showParticleSystems":false,"showVisualEffectGraphs":true,"m_FxEnabled":true},"in2DMode":false,"pivot":{"x":-0.7013471722602844,"y":-0.9221344590187073,"z":1.6965856552124024},"rotation":{"x":0.24340865015983582,"y":-0.13494324684143067,"z":0.03490765020251274,"w":0.9600610136985779},"size":3.4641053676605226,"orthographic":false}