{
    "name": "root",
    "gauges": {
        "Drive.Policy.Entropy.mean": {
            "value": 0.9000363349914551,
            "min": 0.8932715058326721,
            "max": 1.5557712316513062,
            "count": 5
        },
        "Drive.Policy.Entropy.sum": {
            "value": 9000.36328125,
            "min": 8932.71484375,
            "max": 15557.712890625,
            "count": 5
        },
        "Drive.Step.mean": {
            "value": 49992.0,
            "min": 9992.0,
            "max": 49992.0,
            "count": 5
        },
        "Drive.Step.sum": {
            "value": 49992.0,
            "min": 9992.0,
            "max": 49992.0,
            "count": 5
        },
        "Drive.Policy.ExtrinsicValueEstimate.mean": {
            "value": 0.051082998514175415,
            "min": -0.18267740309238434,
            "max": 0.051082998514175415,
            "count": 5
        },
        "Drive.Policy.ExtrinsicValueEstimate.sum": {
            "value": 8.071113586425781,
            "min": -28.86302947998047,
            "max": 8.071113586425781,
            "count": 5
        },
        "Drive.Policy.GailValueEstimate.mean": {
            "value": 16.12094497680664,
            "min": 5.215943813323975,
            "max": 20.373878479003906,
            "count": 5
        },
        "Drive.Policy.GailValueEstimate.sum": {
            "value": 2547.109375,
            "min": 818.9031982421875,
            "max": 3219.07275390625,
            "count": 5
        },
        "Drive.Losses.PolicyLoss.mean": {
            "value": 0.036754498769166984,
            "min": 0.036754498769166984,
            "max": 0.044727769555282536,
            "count": 5
        },
        "Drive.Losses.PolicyLoss.sum": {
            "value": 0.33079048892250285,
            "min": 0.33079048892250285,
            "max": 0.4242356963998949,
            "count": 5
        },
        "Drive.Losses.ValueLoss.mean": {
            "value": 3.8688851131333255,
            "min": 3.8688851131333255,
            "max": 17.72776157070917,
            "count": 5
        },
        "Drive.Losses.ValueLoss.sum": {
            "value": 34.81996601819993,
            "min": 34.81996601819993,
            "max": 170.640729645888,
            "count": 5
        },
        "Drive.Policy.LearningRate.mean": {
            "value": 0.0002972869875710045,
            "min": 0.0002972869875710045,
            "max": 0.0002996754667748444,
            "count": 5
        },
        "Drive.Policy.LearningRate.sum": {
            "value": 0.0026755828881390403,
            "min": 0.0026755828881390403,
            "max": 0.0029790024069991997,
            "count": 5
        },
        "Drive.Policy.Epsilon.mean": {
            "value": 0.19909566222222222,
            "min": 0.19909566222222222,
            "max": 0.19989182222222224,
            "count": 5
        },
        "Drive.Policy.Epsilon.sum": {
            "value": 1.79186096,
            "min": 1.79186096,
            "max": 1.9930008,
            "count": 5
        },
        "Drive.Policy.Beta.mean": {
            "value": 0.0004955687448888889,
            "min": 0.0004955687448888889,
            "max": 0.0004994699288888889,
            "count": 5
        },
        "Drive.Policy.Beta.sum": {
            "value": 0.004460118704,
            "min": 0.004460118704,
            "max": 0.00496570392,
            "count": 5
        },
        "Drive.Policy.GAILPolicyEstimate.mean": {
            "value": 0.18884630080450465,
            "min": 0.14909229427576065,
            "max": 0.3335864572199407,
            "count": 5
        },
        "Drive.Policy.GAILPolicyEstimate.sum": {
            "value": 1.699616707240542,
            "min": 1.3418306484818459,
            "max": 3.002278114979466,
            "count": 5
        },
        "Drive.Policy.GAILExpertEstimate.mean": {
            "value": 0.6770335753206854,
            "min": 0.5939209955434004,
            "max": 0.6966853453605263,
            "count": 5
        },
        "Drive.Policy.GAILExpertEstimate.sum": {
            "value": 6.0933021778861685,
            "min": 5.893940323342879,
            "max": 6.270168108244737,
            "count": 5
        },
        "Drive.Losses.GAILLoss.mean": {
            "value": 0.6549140711625417,
            "min": 0.6367429017468735,
            "max": 0.9563366621732712,
            "count": 5
        },
        "Drive.Losses.GAILLoss.sum": {
            "value": 5.894226640462875,
            "min": 5.730686115721862,
            "max": 9.563366621732712,
            "count": 5
        },
        "Drive.Policy.GAILGradMagLoss.mean": {
            "value": 0.2912979019736802,
            "min": 0.2912979019736802,
            "max": 6.17592571068693,
            "count": 5
        },
        "Drive.Policy.GAILGradMagLoss.sum": {
            "value": 2.621681117763122,
            "min": 2.621681117763122,
            "max": 55.58333139618237,
            "count": 5
        },
        "Drive.Losses.PretrainingLoss.mean": {
            "value": 0.4190135538747847,
            "min": 0.4190135538747847,
            "max": 0.5331136038330545,
            "count": 5
        },
        "Drive.Losses.PretrainingLoss.sum": {
            "value": 3.7711219848730626,
            "min": 3.7711219848730626,
            "max": 4.798022434497491,
            "count": 5
        },
        "Drive.Environment.EpisodeLength.mean": {
            "value": 4999.0,
            "min": 4999.0,
            "max": 4999.0,
            "count": 5
        },
        "Drive.Environment.EpisodeLength.sum": {
            "value": 9998.0,
            "min": 9998.0,
            "max": 9998.0,
            "count": 5
        },
        "Drive.Environment.CumulativeReward.mean": {
            "value": 5.011627376079559,
            "min": 1.2118488550186157,
            "max": 5.722157657146454,
            "count": 5
        },
        "Drive.Environment.CumulativeReward.sum": {
            "value": 10.023254752159119,
            "min": 2.4236977100372314,
            "max": 11.444315314292908,
            "count": 5
        },
        "Drive.Policy.ExtrinsicReward.mean": {
            "value": 5.011627376079559,
            "min": 1.2118488550186157,
            "max": 5.722157657146454,
            "count": 5
        },
        "Drive.Policy.ExtrinsicReward.sum": {
            "value": 10.023254752159119,
            "min": 2.4236977100372314,
            "max": 11.444315314292908,
            "count": 5
        },
        "Drive.Policy.GailReward.mean": {
            "value": 971.9943993985653,
            "min": 623.4604689329863,
            "max": 1857.289071559906,
            "count": 5
        },
        "Drive.Policy.GailReward.sum": {
            "value": 1943.9887987971306,
            "min": 1246.9209378659725,
            "max": 2398.9919736385345,
            "count": 5
        },
        "Drive.IsTraining.mean": {
            "value": 1.0,
            "min": 1.0,
            "max": 1.0,
            "count": 5
        },
        "Drive.IsTraining.sum": {
            "value": 1.0,
            "min": 1.0,
            "max": 1.0,
            "count": 5
        }
    },
    "metadata": {
        "timer_format_version": "0.1.0",
        "start_time_seconds": "1713271035",
        "python_version": "3.9.10 (tags/v3.9.10:f2f3f53, Jan 17 2022, 15:14:21) [MSC v.1929 64 bit (AMD64)]",
        "command_line_arguments": "D:\\Unity Projects\\AI-Racing\\venv\\Scripts\\mlagents-learn Config\\Drive_Config.yaml --run-id=Test00001",
        "mlagents_version": "0.30.0",
        "mlagents_envs_version": "0.30.0",
        "communication_protocol_version": "1.5.0",
        "pytorch_version": "1.9.0+cpu",
        "numpy_version": "1.21.2",
        "end_time_seconds": "1713271470"
    },
    "total": 434.6680797,
    "count": 1,
    "self": 0.006470900000010715,