{"count":1,"self":407.09411839999996,"total":455.201603,"children":{"InitializeActuators":{"count":3,"self":0.0030017999999999998,"total":0.0030017999999999998,"children":null},"InitializeSensors":{"count":3,"self":0.0049819,"total":0.0139624,"children":{"CreateObservableSensors":{"count":3,"self":0.0089804999999999989,"total":0.0089804999999999989,"children":null}}},"AgentSendState":{"count":22444,"self":7.3130152,"total":9.138285999999999,"children":{"CollectObservations":{"count":67332,"self":1.1635069,"total":1.1635069,"children":null},"WriteActionMask":{"count":67332,"self":0.17252209999999998,"total":0.17252209999999998,"children":null},"RequestDecision":{"count":67332,"self":0.4892416,"total":0.4892416,"children":null}}},"DecideAction":{"count":22444,"self":35.7005888,"total":36.1663571,"children":{"RayPerceptionSensor.Perceive":{"count":67332,"self":0.4657691,"total":0.4657691,"children":null}}},"AgentAct":{"count":22444,"self":2.782858,"total":2.7828578999999998,"children":null}},"gauges":{"Drive.CumulativeReward":{"count":43,"max":62.8948669,"min":0,"runningAverage":12.6993408,"value":7.57765675,"weightedAverage":6.02692366}},"metadata":{"timer_format_version":"0.1.0","start_time_seconds":"1716137232","unity_version":"2022.3.11f1","command_line_arguments":"D:\\Programs\\UNITY\\2022.3.11f1\\Editor\\Unity.exe -projectpath D:\\Unity Projects\\AI-Racing -useHub -hubIPC -cloudEnvironment production -licensingIpc LicenseClient-Sergey -hubSessionId 72c764a2-81bb-43ef-9a16-d8e7034a0686 -accessToken gra3CFyZG3O9FS_psotwtdCbmjUntVH33Sr5sGDej9g009f","communication_protocol_version":"1.5.0","com.unity.ml-agents_version":"2.0.1","scene_name":"SampleScene","end_time_seconds":"1716137687"}}