{"cameraMode":{"drawMode":0,"name":"Shaded","section":"Shading Mode"},"sceneLighting":false,"audioPlay":false,"sceneViewState":{"m_AlwaysRefresh":false,"showFog":true,"showSkybox":false,"showFlares":true,"showImageEffects":true,"showParticleSystems":true,"showVisualEffectGraphs":true,"m_FxEnabled":true},"in2DMode":false,"pivot":{"x":-0.21431252360343934,"y":12.405242919921875,"z":1.9395861625671387},"rotation":{"x":0.5086744427680969,"y":-0.030944446101784707,"z":0.01836746744811535,"w":0.8602495193481445},"size":5.207606315612793,"orthographic":false}